Index,Time,Raw_Wave,Attention,Meditation,Delta,Theta,LowAlpha,HighAlpha,LowBeta,HighBeta,LowGamma,MidGamma,Poor_Signal,Battery
0,2.84362,null,0,0,1191579,84249,46022,46132,47570,14466,46188,17227,200,null
1,3.83622,null,0,0,2085871,13949,1504,14894,21868,79481,76546,17814,200,null
2,4.82614,null,0,0,489098,51507,16456,18705,9593,22612,22432,7357,200,null
3,5.81553,null,0,0,2142416,78551,128752,114090,150570,70522,25117,13849,200,null
4,6.80556,null,0,0,387988,22356,10244,3491,12393,23792,20851,2326,200,null
5,7.79624,null,0,0,171378,3671,5794,6520,7647,8802,1697,736,200,null
6,8.80905,null,0,0,1932250,13070,19474,27918,22670,19042,9754,5262,200,null
7,9.79796,null,0,0,752587,13599,15005,32537,33871,15698,2559,3799,200,null
